{"cameraMode":{"drawMode":0,"name":"Shaded","section":"Shading Mode"},"sceneLighting":false,"audioPlay":false,"sceneViewState":{"m_AlwaysRefresh":false,"showFog":true,"showSkybox":true,"showFlares":true,"showImageEffects":true,"showParticleSystems":true,"showVisualEffectGraphs":true,"m_FxEnabled":true},"in2DMode":false,"pivot":{"x":24.766523361206056,"y":1.5502289533615113,"z":-120.1894302368164},"rotation":{"x":0.13704882562160493,"y":0.8631288409233093,"z":-0.34601667523384097,"w":0.34158265590667727},"size":0.4126793444156647,"orthographic":false}