{"cameraMode":{"drawMode":0,"name":"Shaded","section":"Shading Mode"},"sceneLighting":false,"audioPlay":false,"sceneViewState":{"m_AlwaysRefresh":false,"showFog":true,"showSkybox":true,"showFlares":true,"showImageEffects":true,"showParticleSystems":true,"showVisualEffectGraphs":true,"m_FxEnabled":true},"in2DMode":false,"pivot":{"x":24.478023529052736,"y":0.5796998143196106,"z":-120.75259399414063},"rotation":{"x":-0.023941466584801675,"y":0.8091623783111572,"z":-0.03303308039903641,"w":-0.5861825346946716},"size":0.8660253882408142,"orthographic":false}