{"cameraMode":{"drawMode":0,"name":"Shaded","section":"Shading Mode"},"sceneLighting":true,"audioPlay":false,"sceneViewState":{"m_AlwaysRefresh":false,"showFog":true,"showSkybox":true,"showFlares":true,"showImageEffects":true,"showParticleSystems":true,"showVisualEffectGraphs":true,"m_FxEnabled":true},"in2DMode":false,"pivot":{"x":24.430389404296876,"y":0.792654812335968,"z":-121.2536392211914},"rotation":{"x":-0.02361464872956276,"y":0.8714698553085327,"z":-0.042121872305870059,"w":-0.48810985684394839},"size":0.8660253882408142,"orthographic":false}