{"cameraMode":{"drawMode":0,"name":"Shaded","section":"Shading Mode"},"sceneLighting":false,"audioPlay":false,"sceneViewState":{"m_AlwaysRefresh":false,"showFog":true,"showSkybox":true,"showFlares":true,"showImageEffects":true,"showParticleSystems":true,"showVisualEffectGraphs":true,"m_FxEnabled":true},"in2DMode":false,"pivot":{"x":50.751983642578128,"y":0.47947922348976138,"z":-129.30567932128907},"rotation":{"x":-0.012496386654675007,"y":-0.8827285170555115,"z":-0.023582644760608674,"w":0.46931102871894839},"size":0.8660253882408142,"orthographic":false}