{"cameraMode":{"drawMode":0,"name":"Shaded","section":"Shading Mode"},"sceneLighting":false,"audioPlay":false,"sceneViewState":{"m_AlwaysRefresh":false,"showFog":true,"showSkybox":true,"showFlares":true,"showImageEffects":true,"showParticleSystems":true,"showVisualEffectGraphs":true,"m_FxEnabled":true},"in2DMode":false,"pivot":{"x":25.726543426513673,"y":0.23147642612457276,"z":-121.37915802001953},"rotation":{"x":-0.06228507310152054,"y":0.6827253103256226,"z":-0.058878641575574878,"w":-0.7257323861122131},"size":2.2950217723846437,"orthographic":false}