{"cameraMode":{"drawMode":0,"name":"Shaded","section":"Shading Mode"},"sceneLighting":false,"audioPlay":false,"sceneViewState":{"m_AlwaysRefresh":false,"showFog":true,"showSkybox":true,"showFlares":true,"showImageEffects":true,"showParticleSystems":true,"showVisualEffectGraphs":true,"m_FxEnabled":true},"in2DMode":false,"pivot":{"x":24.499794006347658,"y":0.4385514259338379,"z":-140.4416046142578},"rotation":{"x":-0.04223955050110817,"y":-0.7301385998725891,"z":0.045081693679094318,"w":-0.6806766986846924},"size":12.12435531616211,"orthographic":false}