{"cameraMode":{"drawMode":0,"name":"Shaded","section":"Shading Mode"},"sceneLighting":false,"audioPlay":false,"sceneViewState":{"m_AlwaysRefresh":false,"showFog":true,"showSkybox":true,"showFlares":true,"showImageEffects":true,"showParticleSystems":true,"showVisualEffectGraphs":true,"m_FxEnabled":true},"in2DMode":false,"pivot":{"x":244.75502014160157,"y":105.1551513671875,"z":-1.641513705253601},"rotation":{"x":0.012307950295507908,"y":0.020354703068733217,"z":-0.0002821566304191947,"w":0.9998072385787964},"size":133.01016235351563,"orthographic":false}