{"cameraMode":{"drawMode":0,"name":"Shaded","section":"Shading Mode"},"sceneLighting":false,"audioPlay":false,"sceneViewState":{"m_AlwaysRefresh":false,"showFog":true,"showSkybox":true,"showFlares":true,"showImageEffects":true,"showParticleSystems":true,"showVisualEffectGraphs":true,"m_FxEnabled":true},"in2DMode":false,"pivot":{"x":50.840999603271487,"y":0.5729999542236328,"z":-128.82333374023438},"rotation":{"x":0.35325101017951968,"y":-0.06090041995048523,"z":0.02301350049674511,"w":0.933357298374176},"size":12.12435531616211,"orthographic":false}