{"cameraMode":{"drawMode":0,"name":"Shaded","section":"Shading Mode"},"sceneLighting":false,"audioPlay":false,"sceneViewState":{"m_AlwaysRefresh":false,"showFog":true,"showSkybox":true,"showFlares":true,"showImageEffects":true,"showParticleSystems":true,"showVisualEffectGraphs":true,"m_FxEnabled":true},"in2DMode":false,"pivot":{"x":30.419567108154298,"y":3.1029675006866457,"z":-131.5471954345703},"rotation":{"x":0.04317468777298927,"y":-0.4490627944469452,"z":0.021637553349137307,"w":0.8922742605209351},"size":0.8746427297592163,"orthographic":false}