{"cameraMode":{"drawMode":0,"name":"Shaded","section":"Shading Mode"},"sceneLighting":false,"audioPlay":false,"sceneViewState":{"m_AlwaysRefresh":false,"showFog":true,"showSkybox":true,"showFlares":true,"showImageEffects":true,"showParticleSystems":true,"showVisualEffectGraphs":true,"m_FxEnabled":true},"in2DMode":false,"pivot":{"x":32.77861404418945,"y":0.9450628757476807,"z":-130.91282653808595},"rotation":{"x":-0.04564056172966957,"y":0.2842298746109009,"z":0.013789434917271138,"w":0.9576782584190369},"size":0.8660253882408142,"orthographic":false}