{"cameraMode":{"drawMode":0,"name":"Shaded","section":"Shading Mode"},"sceneLighting":false,"audioPlay":false,"sceneViewState":{"m_AlwaysRefresh":false,"showFog":true,"showSkybox":true,"showFlares":true,"showImageEffects":true,"showParticleSystems":true,"showVisualEffectGraphs":true,"m_FxEnabled":true},"in2DMode":false,"pivot":{"x":352.1789855957031,"y":193.03085327148438,"z":-574.0720825195313},"rotation":{"x":0.06314768642187119,"y":-0.059316035360097888,"z":0.003998019266873598,"w":0.9963394403457642},"size":2.0687735080718996,"orthographic":false}